Workbook

Sheet Portfolio_Returns
A1: Date | B1: PORT_EQW
A2: 44257 | B2: -0.0045530277
A3: 44258 | B3: -0.0082330291
A4: 44259 | B4: -0.0098799039
A5: 44260 | B5: 0.0088675367
A6: 44263 | B6: -0.0085698299
A7: 44264 | B7: 0.013798178
A8: 44265 | B8: 0.0044956067
A9: 44266 | B9: 0.0095529001
A10: 44267 | B10: -0.0039118062
A11: 44270 | B11: 0.004152788
A12: 44271 | B12: -0.0017450739
A13: 44272 | B13: 0.0019777857
... A1256: 46080 | B1256: 0.00063931384

Sheet Portfolio_Calc
A1: Date | B1: PORT_EQW (Portfolio Returns) | C1: Equity (Growth of $10,000) | D1: Peak | E1: Drawdown | F1: Cummulative Return
A2: 44257 | B2: -0.0045530277 | C2: 10000 | D2: =C2 -> 10000 | E2: =(C2/D2)-1 -> 0 | F2: =C2/$C$2-1 -> 0 | H2: Max Drawdown | I2: =MIN(E:E) -> -0.21520668
A3: 44258 | B3: -0.0082330291 | C3: =C2*(1+B3) -> 9917.6697 | D3: =MAX(D2,C3) -> 10000 | E3: =(C3/D3)-1 -> -0.0082330291 | F3: =C3/$C$2-1 -> -0.0082330291 | H3: Trough Row | I3: =MATCH(I2,E:E,0) -> 412
A4: 44259 | B4: -0.0098799039 | C4: =C3*(1+B4) -> 9819.6841 | D4: =MAX(D3,C4) -> 10000 | E4: =(C4/D4)-1 -> -0.018031591 | F4: =C4/$C$2-1 -> -0.018031591 | H4: Trough Date | I4: {=INDEX(A:A,I3)} -> 44848
A5: 44260 | B5: 0.0088675367 | C5: =C4*(1+B5) -> 9906.7605 | D5: =MAX(D4,C5) -> 10000 | E5: =(C5/D5)-1 -> -0.0093239505 | F5: =C5/$C$2-1 -> -0.0093239505 | H5: Peak Row | I5: {=LOOKUP(2,1/(E$2:INDEX(E:E,I3)=0),ROW(E$2:INDEX(E:E,I3)))} -> 178
A6: 44263 | B6: -0.0085698299 | C6: =C5*(1+B6) -> 9821.8612 | D6: =MAX(D5,C6) -> 10000 | E6: =(C6/D6)-1 -> -0.017813876 | F6: =C6/$C$2-1 -> -0.017813876 | H6: Peak Date | I6: {=INDEX(A:A,I5)} -> 44509
A7: 44264 | B7: 0.013798178 | C7: =C6*(1+B7) -> 9957.385 | D7: =MAX(D6,C7) -> 10000 | E7: =(C7/D7)-1 -> -0.0042614963 | F7: =C7/$C$2-1 -> -0.0042614963 | H7: Trading Days (Peak to Trough) | I7: =I3-I5 -> 234
A8: 44265 | B8: 0.0044956067 | C8: =C7*(1+B8) -> 10002.15 | D8: =MAX(D7,C8) -> 10002.15 | E8: =(C8/D8)-1 -> 0 | F8: =C8/$C$2-1 -> 0.00021495241 | H8: Calendar Days (Peak to Trough) | I8: =I4-I6 -> 339
A9: 44266 | B9: 0.0095529001 | C9: =C8*(1+B9) -> 10097.699 | D9: =MAX(D8,C9) -> 10097.699 | E9: =(C9/D9)-1 -> 0 | F9: =C9/$C$2-1 -> 0.009769906 | H9: Recovery Row | I9: =MATCH(0,INDEX(E:E,I3):E$1256,0)+I3-1 -> 812
A10: 44267 | B10: -0.0039118062 | C10: =C9*(1+B10) -> 10058.199 | D10: =MAX(D9,C10) -> 10097.699 | E10: =(C10/D10)-1 -> -0.0039118062 | F10: =C10/$C$2-1 -> 0.0058198817 | H10: Recovery Date | I10: {=INDEX(A:A,I9)} -> 45432
A11: 44270 | B11: 0.004152788 | C11: =C10*(1+B11) -> 10099.968 | D11: =MAX(D10,C11) -> 10099.968 | E11: =(C11/D11)-1 -> 0 | F11: =C11/$C$2-1 -> 0.0099968384 | H11: Trading Days (Peak to Recovery) | I11: =I9-I5 -> 634
A12: 44271 | B12: -0.0017450739 | C12: =C11*(1+B12) -> 10082.343 | D12: =MAX(D11,C12) -> 10099.968 | E12: =(C12/D12)-1 -> -0.0017450739 | F12: =C12/$C$2-1 -> 0.0082343193 | H12: Calendar Days (Peak to Recovery) | I12: =I10-I6 -> 923
A13: 44272 | B13: 0.0019777857 | C13: =C12*(1+B13) -> 10102.284 | D13: =MAX(D12,C13) -> 10102.284 | E13: =(C13/D13)-1 -> 0 | F13: =C13/$C$2-1 -> 0.010228391
A14: 44273 | B14: -0.016350238 | C14: =C13*(1+B14) -> 9937.1092 | D14: =MAX(D13,C14) -> 10102.284 | E14: =(C14/D14)-1 -> -0.016350238 | F14: =C14/$C$2-1 -> -0.0062890839 | H14: =C1256/C2 -1 -> 0.46472046
A15: 44274 | B15: 0.003971382 | C15: =C14*(1+B15) -> 9976.5732 | D15: =MAX(D14,C15) -> 10102.284 | E15: =(C15/D15)-1 -> -0.012443789 | F15: =C15/$C$2-1 -> -0.0023426783
A16: 44277 | B16: 0.0035532002 | C16: =C15*(1+B16) -> 10012.022 | D16: =MAX(D15,C16) -> 10102.284 | E16: =(C16/D16)-1 -> -0.0089348041 | F16: =C16/$C$2-1 -> 0.001202198
A17: 44278 | B17: -0.0083515841 | C17: =C16*(1+B17) -> 9928.4057 | D17: =MAX(D16,C17) -> 10102.284 | E17: =(C17/D17)-1 -> -0.017211768 | F17: =C17/$C$2-1 -> -0.0071594264
A18: 44279 | B18: -0.0032094293 | C18: =C17*(1+B18) -> 9896.5412 | D18: =MAX(D17,C18) -> 10102.284 | E18: =(C18/D18)-1 -> -0.020365958 | F18: =C18/$C$2-1 -> -0.010345878
A19: 44280 | B19: 0.0012468513 | C19: =C18*(1+B19) -> 9908.8807 | D19: =MAX(D18,C19) -> 10102.284 | E19: =(C19/D19)-1 -> -0.0191445 | F19: =C19/$C$2-1 -> -0.0091119265
A20: 44281 | B20: 0.010999873 | C20: =C19*(1+B20) -> 10017.877 | D20: =MAX(D19,C20) -> 10102.284 | E20: =(C20/D20)-1 -> -0.0083552139 | F20: =C20/$C$2-1 -> 0.0017877164
A21: 44284 | B21: -0.0058382323 | C21: =C20*(1+B21) -> 9959.3905 | D21: =MAX(D20,C21) -> 10102.284 | E21: =(C21/D21)-1 -> -0.014144666 | F21: =C21/$C$2-1 -> -0.0040609529
A22: 44285 | B22: -0.0013152415 | C22: =C21*(1+B22) -> 9946.2915 | D22: =MAX(D21,C22) -> 10102.284 | E22: =(C22/D22)-1 -> -0.015441304 | F22: =C22/$C$2-1 -> -0.0053708533
A23: 44286 | B23: 0.0040481023 | C23: =C22*(1+B23) -> 9986.5551 | D23: =MAX(D22,C23) -> 10102.284 | E23: =(C23/D23)-1 -> -0.01145571 | F23: =C23/$C$2-1 -> -0.0013444927
A24: 44287 | B24: 0.011699795 | C24: =C23*(1+B24) -> 10103.396 | D24: =MAX(D23,C24) -> 10103.396 | E24: =(C24/D24)-1 -> 0 | F24: =C24/$C$2-1 -> 0.010339572
A25: 44291 | B25: 0.0029446354 | C25: =C24*(1+B25) -> 10133.147 | D25: =MAX(D24,C25) -> 10133.147 | E25: =(C25/D25)-1 -> 0 | F25: =C25/$C$2-1 -> 0.013314654
A26: 44292 | B26: 0.0020792803 | C26: =C25*(1+B26) -> 10154.216 | D26: =MAX(D25,C26) -> 10154.216 | E26: =(C26/D26)-1 -> 0 | F26: =C26/$C$2-1 -> 0.015421619
... A1256: 46080 | B1256: 0.00063931384 | C1256: =C1255*(1+B1256) -> 14647.205 | D1256: =MAX(D1255,C1256) -> 14647.205 | E1256: =(C1256/D1256)-1 -> 0 | F1256: =C1256/$C$2-1 -> 0.46472046

Sheet Dashboard
A1: ETF Risk Monitoring Dashboard (Equal-Weight Portfolio) | B1: Annual Volatility | E1: Max Drawdown | H1: 1-day VaR95 | K1: 1-day CVaR95 | N1: Cummulative Return | Q1: Highest Correlation Pair | U1: Average Correlation to SPY
A2: Data: Daily Adj Close | Horizon: 5Y | VaR/CVaR: 95% Historical | B2: =Summary!B14 -> 0.10784454 | E2: =Summary!C14 -> -0.21520668 | H2: =Summary!D14 -> 0.010450947 | K2: =Summary!E14 -> 0.01528326 | N2: =Portfolio_Calc!H14 -> 0.46472046 | Q2: =Sheet1!R2 -> QQQ - SPY (0.95) | U2: 0.5
A3: 46080
L5: Ticker | M5: DBC | N5: EEM | O5: EFA | P5: GLD | Q5: HYG | R5: IEF | S5: IWM | T5: LQD | U5: QQQ | V5: SPY | W5: TLT | X5: VNQ
L6: DBC | M6: 1 | N6: 0.29489127 | O6: 0.2615231 | P6: 0.38083818 | Q6: 0.20356816 | R6: -0.062907502 | S6: 0.24823263 | T6: 0.017414273 | U6: 0.17611701 | V6: 0.23726768 | W6: -0.091576708 | X6: 0.14861735
L7: EEM | M7: 0.29489127 | N7: 1 | O7: 0.78272795 | P7: 0.30154226 | Q7: 0.58073329 | R7: 0.072369801 | S7: 0.65130259 | T7: 0.29669926 | U7: 0.66994639 | V7: 0.67288108 | W7: 0.066379704 | X7: 0.476042
L8: EFA | M8: 0.2615231 | N8: 0.78272795 | O8: 1 | P8: 0.27268464 | Q8: 0.70436409 | R8: 0.1337718 | S8: 0.74749714 | T8: 0.38813505 | U8: 0.72914512 | V8: 0.80451146 | W8: 0.10996006 | X8: 0.64277114
L9: GLD | M9: 0.38083818 | N9: 0.30154226 | O9: 0.27268464 | P9: 1 | Q9: 0.21962674 | R9: 0.3033762 | S9: 0.13746249 | T9: 0.27914137 | U9: 0.10995857 | V9: 0.11635244 | W9: 0.22056832 | X9: 0.16990923
L10: HYG | M10: 0.20356816 | N10: 0.58073329 | O10: 0.70436409 | P10: 0.21962674 | Q10: 1 | R10: 0.44472753 | S10: 0.70620925 | T10: 0.68747332 | U10: 0.70782111 | V10: 0.75031475 | W10: 0.3967381 | X10: 0.66913458
L11: IEF | M11: -0.062907502 | N11: 0.072369801 | O11: 0.1337718 | P11: 0.3033762 | Q11: 0.44472753 | R11: 1 | S11: 0.077328971 | T11: 0.88104884 | U11: 0.073203322 | V11: 0.064217834 | W11: 0.91132332 | X11: 0.28947979
L12: IWM | M12: 0.24823263 | N12: 0.65130259 | O12: 0.74749714 | P12: 0.13746249 | Q12: 0.70620925 | R12: 0.077328971 | S12: 1 | T12: 0.34385452 | U12: 0.75977924 | V12: 0.83923019 | W12: 0.074641039 | X12: 0.70773446
L13: LQD | M13: 0.017414273 | N13: 0.29669926 | O13: 0.38813505 | P13: 0.27914137 | Q13: 0.68747332 | R13: 0.88104884 | S13: 0.34385452 | T13: 1 | U13: 0.34771355 | V13: 0.35832991 | W13: 0.87710789 | X13: 0.47213661
L14: QQQ | M14: 0.17611701 | N14: 0.66994639 | O14: 0.72914512 | P14: 0.10995857 | Q14: 0.70782111 | R14: 0.073203322 | S14: 0.75977924 | T14: 0.34771355 | U14: 1 | V14: 0.94743684 | W14: 0.073653035 | X14: 0.55533642
L15: SPY | M15: 0.23726768 | N15: 0.67288108 | O15: 0.80451146 | P15: 0.11635244 | Q15: 0.75031475 | R15: 0.064217834 | S15: 0.83923019 | T15: 0.35832991 | U15: 0.94743684 | V15: 1 | W15: 0.064741953 | X15: 0.68349042
L16: TLT | M16: -0.091576708 | N16: 0.066379704 | O16: 0.10996006 | P16: 0.22056832 | Q16: 0.3967381 | R16: 0.91132332 | S16: 0.074641039 | T16: 0.87710789 | U16: 0.073653035 | V16: 0.064741953 | W16: 1 | X16: 0.2681806
L17: VNQ | M17: 0.14861735 | N17: 0.476042 | O17: 0.64277114 | P17: 0.16990923 | Q17: 0.66913458 | R17: 0.28947979 | S17: 0.70773446 | T17: 0.47213661 | U17: 0.55533642 | V17: 0.68349042 | W17: 0.2681806 | X17: 1
D19: Max Drawdown Episode
D20: Depth: -21.52%
D21: Peak: 2021-11-09
D22: Trough: 2022-10-14
D23: Recovery: 2024-05-20
D24: Peak to Trough: 234 trading days
D25: Peak to Recovery: 634 trading days

Sheet Sheet1
B1: DBC | C1: EEM | D1: EFA | E1: GLD | F1: HYG | G1: IEF | H1: IWM | I1: LQD | J1: QQQ | K1: SPY | L1: TLT | M1: VNQ
A2: DBC | B2: 1 | C2: 0.29489127 | D2: 0.2615231 | E2: 0.38083818 | F2: 0.20356816 | G2: -0.062907502 | H2: 0.24823263 | I2: 0.017414273 | J2: 0.17611701 | K2: 0.23726768 | L2: -0.091576708 | M2: 0.14861735 | O2: {=_xlfn.AGGREGATE(14,6,B2:M13/(B2:M13<0.999),1)} -> 0.94743684 | P2: {=_xlfn.LET(_xlpm.m,$O$2, _xlpm.pos, _xlfn.XMATCH(_xlpm.m, _xlfn.TOCOL($B$2:$M$13,1), 0), _xlpm.r, INT((_xlpm.pos-1)/COLUMNS($B$2:$M$13))+1, INDEX($A$2:$A$13, _xlpm.r))} -> QQQ | Q2: {=_xlfn.LET(_xlpm.m,$O$2, _xlpm.pos, _xlfn.XMATCH(_xlpm.m, _xlfn.TOCOL($B$2:$M$13,1), 0), _xlpm.c, MOD(_xlpm.pos-1, COLUMNS($B$2:$M$13))+1, INDEX($B$1:$M$1, _xlpm.c))} -> SPY | R2: =P2&" - "&Q2&" ("&TEXT($O$2,"0.00")&")" -> QQQ - SPY (0.95)
A3: EEM | B3: 0.29489127 | C3: 1 | D3: 0.78272795 | E3: 0.30154226 | F3: 0.58073329 | G3: 0.072369801 | H3: 0.65130259 | I3: 0.29669926 | J3: 0.66994639 | K3: 0.67288108 | L3: 0.066379704 | M3: 0.476042
A4: EFA | B4: 0.2615231 | C4: 0.78272795 | D4: 1 | E4: 0.27268464 | F4: 0.70436409 | G4: 0.1337718 | H4: 0.74749714 | I4: 0.38813505 | J4: 0.72914512 | K4: 0.80451146 | L4: 0.10996006 | M4: 0.64277114
A5: GLD | B5: 0.38083818 | C5: 0.30154226 | D5: 0.27268464 | E5: 1 | F5: 0.21962674 | G5: 0.3033762 | H5: 0.13746249 | I5: 0.27914137 | J5: 0.10995857 | K5: 0.11635244 | L5: 0.22056832 | M5: 0.16990923
A6: HYG | B6: 0.20356816 | C6: 0.58073329 | D6: 0.70436409 | E6: 0.21962674 | F6: 1 | G6: 0.44472753 | H6: 0.70620925 | I6: 0.68747332 | J6: 0.70782111 | K6: 0.75031475 | L6: 0.3967381 | M6: 0.66913458
A7: IEF | B7: -0.062907502 | C7: 0.072369801 | D7: 0.1337718 | E7: 0.3033762 | F7: 0.44472753 | G7: 1 | H7: 0.077328971 | I7: 0.88104884 | J7: 0.073203322 | K7: 0.064217834 | L7: 0.91132332 | M7: 0.28947979
A8: IWM | B8: 0.24823263 | C8: 0.65130259 | D8: 0.74749714 | E8: 0.13746249 | F8: 0.70620925 | G8: 0.077328971 | H8: 1 | I8: 0.34385452 | J8: 0.75977924 | K8: 0.83923019 | L8: 0.074641039 | M8: 0.70773446
A9: LQD | B9: 0.017414273 | C9: 0.29669926 | D9: 0.38813505 | E9: 0.27914137 | F9: 0.68747332 | G9: 0.88104884 | H9: 0.34385452 | I9: 1 | J9: 0.34771355 | K9: 0.35832991 | L9: 0.87710789 | M9: 0.47213661
A10: QQQ | B10: 0.17611701 | C10: 0.66994639 | D10: 0.72914512 | E10: 0.10995857 | F10: 0.70782111 | G10: 0.073203322 | H10: 0.75977924 | I10: 0.34771355 | J10: 1 | K10: 0.94743684 | L10: 0.073653035 | M10: 0.55533642
A11: SPY | B11: 0.23726768 | C11: 0.67288108 | D11: 0.80451146 | E11: 0.11635244 | F11: 0.75031475 | G11: 0.064217834 | H11: 0.83923019 | I11: 0.35832991 | J11: 0.94743684 | K11: 1 | L11: 0.064741953 | M11: 0.68349042
A12: TLT | B12: -0.091576708 | C12: 0.066379704 | D12: 0.10996006 | E12: 0.22056832 | F12: 0.3967381 | G12: 0.91132332 | H12: 0.074641039 | I12: 0.87710789 | J12: 0.073653035 | K12: 0.064741953 | L12: 1 | M12: 0.2681806
A13: VNQ | B13: 0.14861735 | C13: 0.476042 | D13: 0.64277114 | E13: 0.16990923 | F13: 0.66913458 | G13: 0.28947979 | H13: 0.70773446 | I13: 0.47213661 | J13: 0.55533642 | K13: 0.68349042 | L13: 0.2681806 | M13: 1

Sheet Summary
A1: Column1 | B1: Ann_Vol | C1: Max_Drawdown | D1: VaR_95 | E1: CVaR_95 | F1: Corr_with_SPY | G1: Start_Date | H1: End_Date | I1: Num_Obs
A2: DBC | B2: 0.18930953 | C2: -0.2733988 | D2: 0.018410336 | E2: 0.02873648 | F2: 0.23726768 | G2: 44257 | H2: 46080 | I2: 1255
A3: EEM | B3: 0.18109136 | C3: -0.3781604 | D3: 0.018049416 | E3: 0.0242295 | F3: 0.67288108 | G3: 44257 | H3: 46080 | I3: 1255
A4: EFA | B4: 0.15966249 | C4: -0.29531819 | D4: 0.015185683 | E4: 0.021529079 | F4: 0.80451146 | G4: 44257 | H4: 46080 | I4: 1255
A5: GLD | B5: 0.17110788 | C5: -0.21032844 | D5: 0.015667158 | E5: 0.023911086 | F5: 0.11635244 | G5: 44257 | H5: 46080 | I5: 1255
A6: HYG | B6: 0.074766148 | C6: -0.15790224 | D6: 0.0072456657 | E6: 0.011014435 | F6: 0.75031475 | G6: 44257 | H6: 46080 | I6: 1255
A7: IEF | B7: 0.076800406 | C7: -0.21400151 | D7: 0.0077455202 | E7: 0.010234769 | F7: 0.064217834 | G7: 44257 | H7: 46080 | I7: 1255
A8: IWM | B8: 0.22670722 | C8: -0.31911648 | D8: 0.022549109 | E8: 0.03072585 | F8: 0.83923019 | G8: 44257 | H8: 46080 | I8: 1255
A9: LQD | B9: 0.08637006 | C9: -0.24954857 | D9: 0.009537741 | E9: 0.012146952 | F9: 0.35832991 | G9: 44257 | H9: 46080 | I9: 1255
A10: QQQ | B10: 0.22505105 | C10: -0.35118726 | D10: 0.023324093 | E10: 0.03234971 | F10: 0.94743684 | G10: 44257 | H10: 46080 | I10: 1255
A11: SPY | B11: 0.17000155 | C11: -0.24496399 | D11: 0.016446519 | E11: 0.024567783 | F11: 1 | G11: 44257 | H11: 46080 | I11: 1255
A12: TLT | B12: 0.1590949 | C12: -0.43696514 | D12: 0.016757728 | E12: 0.021560359 | F12: 0.064741953 | G12: 44257 | H12: 46080 | I12: 1255
A13: VNQ | B13: 0.18817772 | C13: -0.3447853 | D13: 0.019746115 | E13: 0.027125671 | F13: 0.68349042 | G13: 44257 | H13: 46080 | I13: 1255
A14: PORT_EQW | B14: 0.10784454 | C14: -0.21520668 | D14: 0.010450947 | E14: 0.01528326 | G14: 44257 | H14: 46080 | I14: 1255

Sheet CorrMatrix
A1: Column1 | B1: DBC | C1: EEM | D1: EFA | E1: GLD | F1: HYG | G1: IEF | H1: IWM | I1: LQD | J1: QQQ | K1: SPY | L1: TLT | M1: VNQ
A2: DBC | B2: 1 | C2: 0.29489127 | D2: 0.2615231 | E2: 0.38083818 | F2: 0.20356816 | G2: -0.062907502 | H2: 0.24823263 | I2: 0.017414273 | J2: 0.17611701 | K2: 0.23726768 | L2: -0.091576708 | M2: 0.14861735
A3: EEM | B3: 0.29489127 | C3: 1 | D3: 0.78272795 | E3: 0.30154226 | F3: 0.58073329 | G3: 0.072369801 | H3: 0.65130259 | I3: 0.29669926 | J3: 0.66994639 | K3: 0.67288108 | L3: 0.066379704 | M3: 0.476042
A4: EFA | B4: 0.2615231 | C4: 0.78272795 | D4: 1 | E4: 0.27268464 | F4: 0.70436409 | G4: 0.1337718 | H4: 0.74749714 | I4: 0.38813505 | J4: 0.72914512 | K4: 0.80451146 | L4: 0.10996006 | M4: 0.64277114
A5: GLD | B5: 0.38083818 | C5: 0.30154226 | D5: 0.27268464 | E5: 1 | F5: 0.21962674 | G5: 0.3033762 | H5: 0.13746249 | I5: 0.27914137 | J5: 0.10995857 | K5: 0.11635244 | L5: 0.22056832 | M5: 0.16990923
A6: HYG | B6: 0.20356816 | C6: 0.58073329 | D6: 0.70436409 | E6: 0.21962674 | F6: 1 | G6: 0.44472753 | H6: 0.70620925 | I6: 0.68747332 | J6: 0.70782111 | K6: 0.75031475 | L6: 0.3967381 | M6: 0.66913458
A7: IEF | B7: -0.062907502 | C7: 0.072369801 | D7: 0.1337718 | E7: 0.3033762 | F7: 0.44472753 | G7: 1 | H7: 0.077328971 | I7: 0.88104884 | J7: 0.073203322 | K7: 0.064217834 | L7: 0.91132332 | M7: 0.28947979
A8: IWM | B8: 0.24823263 | C8: 0.65130259 | D8: 0.74749714 | E8: 0.13746249 | F8: 0.70620925 | G8: 0.077328971 | H8: 1 | I8: 0.34385452 | J8: 0.75977924 | K8: 0.83923019 | L8: 0.074641039 | M8: 0.70773446
A9: LQD | B9: 0.017414273 | C9: 0.29669926 | D9: 0.38813505 | E9: 0.27914137 | F9: 0.68747332 | G9: 0.88104884 | H9: 0.34385452 | I9: 1 | J9: 0.34771355 | K9: 0.35832991 | L9: 0.87710789 | M9: 0.47213661
A10: QQQ | B10: 0.17611701 | C10: 0.66994639 | D10: 0.72914512 | E10: 0.10995857 | F10: 0.70782111 | G10: 0.073203322 | H10: 0.75977924 | I10: 0.34771355 | J10: 1 | K10: 0.94743684 | L10: 0.073653035 | M10: 0.55533642
A11: SPY | B11: 0.23726768 | C11: 0.67288108 | D11: 0.80451146 | E11: 0.11635244 | F11: 0.75031475 | G11: 0.064217834 | H11: 0.83923019 | I11: 0.35832991 | J11: 0.94743684 | K11: 1 | L11: 0.064741953 | M11: 0.68349042
A12: TLT | B12: -0.091576708 | C12: 0.066379704 | D12: 0.10996006 | E12: 0.22056832 | F12: 0.3967381 | G12: 0.91132332 | H12: 0.074641039 | I12: 0.87710789 | J12: 0.073653035 | K12: 0.064741953 | L12: 1 | M12: 0.2681806
A13: VNQ | B13: 0.14861735 | C13: 0.476042 | D13: 0.64277114 | E13: 0.16990923 | F13: 0.66913458 | G13: 0.28947979 | H13: 0.70773446 | I13: 0.47213661 | J13: 0.55533642 | K13: 0.68349042 | L13: 0.2681806 | M13: 1
